,,B,A,avg_B_normA,norm_A,sumB,sumA,norm_A-B
1,上海市,28004719,13834872,21903576.8,15802435,1400259601,1225913092,-12202283
2,临沧市,1357287,1261124.2,1398882.4,1440478,1400259601,1225913092,83192
3,丽江市,929933,794825,918897.8,907863,1400259601,1225913092,-22069
4,保山市,1577527,1609488.8,1707956.9,1838387,1400259601,1225913092,260860
5,大理市,2539917,2345977,2609766.7,2679616,1400259601,1225913092,139699
6,德宏州,996601,746233.8,924480.8,852361,1400259601,1225913092,-144239
7,怒江州,355755,278559.2,336964.9,318175,1400259601,1225913092,-37580
8,文山州,2271317,2166743.2,2373104.3,2474892,1400259601,1225913092,203576
9,昆明市,9048769,4712302,7215621.8,5382475,1400259601,1225913092,-3666294
10,昭通市,3345999,3558189.6,3705112.9,4064227,1400259601,1225913092,718228
11,普洱市,1423543,1215810.8,1406132,1388721,1400259601,1225913092,-34822
12,曲靖市,3767185,4035376.6,4188231.7,4609278,1400259601,1225913092,842093
13,楚雄市,1405233,1507501.8,1563563.8,1721895,1400259601,1225913092,316663
14,玉溪市,1863490,1676887.6,1889430.4,1915371,1400259601,1225913092,51881
15,红河州,2805462,2541784,2854366.4,2903271,1400259601,1225913092,97809
16,西双版纳,1173307,865355.8,1080866.1,988425,1400259601,1225913092,-184883
17,迪庆州,273011,176488.2,237299.3,201588,1400259601,1225913092,-71423
18,乌兰察布市,1298039,1279668.2,1379849.7,1461660,1400259601,1225913092,163620
19,乌海市,630944,496096.6,598796.9,566650,1400259601,1225913092,-64293
20,兴安盟,1347918,1206960,1363264.6,1378611,1400259601,1225913092,30693
21,包头市,2873355,2225168.8,2707490.8,2541627,1400259601,1225913092,-331727
22,呼伦贝尔市,2568312,2397615.2,2653455.2,2738598,1400259601,1225913092,170286
23,呼和浩特市,3141950,2182016.4,2817144,2492338,1400259601,1225913092,-649612
24,巴彦淖尔市,1511055,1263386,1477058.5,1443062,1400259601,1225913092,-67993
25,赤峰市,3772218,3658212.4,3975346.7,4178475,1400259601,1225913092,406256
26,通辽市,2958649,2854965.6,3109820.5,3260992,1400259601,1225913092,302343
27,鄂尔多斯市,2112566,1400053.4,1855865.9,1599166,1400259601,1225913092,-513400
28,锡林郭勒盟,979309,789960.2,940807.9,902307,1400259601,1225913092,-77002
29,阿拉善盟,328423,235289,298587,268751,1400259601,1225913092,-59672
30,北京市,37674254,16928493.6,28505139.7,19336025,1400259601,1225913092,-18338230
31,吉林市,3690322,3519940.2,3855429.9,4020538,1400259601,1225913092,330216
32,四平市,2447722,2518742.8,2662337.4,2876953,1400259601,1225913092,429231
33,延边朝鲜族自治州,1717663,1554202.2,1746449.8,1775237,1400259601,1225913092,57575
34,松原市,2394251,2369156.8,2550171.9,2706093,1400259601,1225913092,311842
35,白城市,1540651,1527320.8,1642591.8,1744533,1400259601,1225913092,203882
36,白山市,961377,985490,1043510.4,1125644,1400259601,1225913092,164267
37,辽源市,896760,922574.2,975270.4,1053781,1400259601,1225913092,157021
38,通化市,1748017,1801006.2,1902578.8,2057141,1400259601,1225913092,309125
39,长春市,8821128,6863959.2,8330632.2,7840136,1400259601,1225913092,-980993
40,乐山市,2652605,2622910,2824269.7,2995934,1400259601,1225913092,343329
41,内江市,2273360,3025666.4,2864664.9,3455970,1400259601,1225913092,1182610
42,凉山彝族自治州,2753058,2550923.6,2833383.9,2913710,1400259601,1225913092,160652
43,南充市,4912649,5871872.6,5809802.9,6706957,1400259601,1225913092,1794308
44,宜宾市,3745022,4116951,4223738.1,4702454,1400259601,1225913092,957432
45,巴中市,2518320,3061732,3007742.1,3497164,1400259601,1225913092,978844
46,广元市,2230972,2471888.6,2527203.5,2823435,1400259601,1225913092,592463
47,广安市,2785856,3681371.2,3495391.4,4204927,1400259601,1225913092,1419071
48,德阳市,3403902,3699085.8,3814531.7,4225161,1400259601,1225913092,821259
49,成都市,29508540,15480251.2,23595178.7,17681817,1400259601,1225913092,-11826724
50,攀枝花市,1125648,989608.2,1127998.2,1130348,1400259601,1225913092,4700
51,泸州市,3432611,3644348.2,3797624.8,4162639,1400259601,1225913092,730028
52,甘孜藏族自治州,463397,283839.6,393802,324207,1400259601,1225913092,-139190
53,眉山市,2301549,2661904.4,2671011.3,3040474,1400259601,1225913092,738926
54,绵阳市,5046555,5107016.2,5439939.7,5833324,1400259601,1225913092,786769
55,自贡市,1936382,2317432.2,2291697,2647012,1400259601,1225913092,710630
56,资阳市,2252008,3056522.4,2871611,3491214,1400259601,1225913092,1239206
57,达州市,3837997,4832073,4678638.1,5519279,1400259601,1225913092,1681282
58,遂宁市,2427170,2943428.8,2894602.8,3362036,1400259601,1225913092,934867
59,阿坝藏族羌族自治州,574764,504354.6,575423.7,576083,1400259601,1225913092,1318
60,雅安市,1389858,1341433.8,1461033.7,1532209,1400259601,1225913092,142351
61,天津市,16137311,10280690.4,13940048.6,11742786,1400259601,1225913092,-4394525
62,中卫市,962873,968267.8,1034423,1105973,1400259601,1225913092,143100
63,吴忠市,1287057,1270775.4,1369279.4,1451502,1400259601,1225913092,164445
64,固原市,1032226,1034231.8,1106772.1,1181318,1400259601,1225913092,149092
65,石嘴山市,773002,747413.4,813355.7,853709,1400259601,1225913092,80706
66,银川市,3186595,2167166.8,2830985.7,2475376,1400259601,1225913092,-711219
67,亳州市,3246375,4708656.4,4312343,5378311,1400259601,1225913092,2131936
68,六安市,2930716,4301885.4,3922203.1,4913690,1400259601,1225913092,1982973
69,合肥市,8678588,5113855.8,7259862.2,5841136,1400259601,1225913092,-2837452
70,安庆市,3858267,5563201,5106326.8,6354387,1400259601,1225913092,2496120
71,宣城市,1625927,1814477.4,1849227.4,2072528,1400259601,1225913092,446601
72,宿州市,3280623,4951205.8,4467989.1,5655355,1400259601,1225913092,2374732
73,巢湖市,2059043,2975194.8,2728681.5,3398320,1400259601,1225913092,1339277
74,池州市,945171,1215837.6,1166961.2,1388751,1400259601,1225913092,443580
75,淮北市,1574690,1914225.8,1880576.5,2186463,1400259601,1225913092,611773
76,淮南市,1682087,1800825.6,1869511.1,2056935,1400259601,1225913092,374848
77,滁州市,3088197,3785723.8,3706158.9,4324121,1400259601,1225913092,1235924
78,芜湖市,2498255,2012414.4,2398434.9,2298615,1400259601,1225913092,-199640
79,蚌埠市,2303759,2857921.4,2784063.7,3264368,1400259601,1225913092,960609
80,铜陵市,718528,655406.6,733572.5,748617,1400259601,1225913092,30089
81,阜阳市,5153969,7329623.6,6762997.7,8372026,1400259601,1225913092,3218056
82,马鞍山市,1159593,1039392.2,1173402.5,1187212,1400259601,1225913092,27619
83,黄山市,894827,1080188.8,1064319,1233811,1400259601,1225913092,338984
84,东营市,2367675,2007176.8,2330153.8,2292633,1400259601,1225913092,-75042
85,临沂市,9099866,10038057.4,10282756.4,11465647,1400259601,1225913092,2365781
86,威海市,2712667,2188196.2,2606031.4,2499396,1400259601,1225913092,-213270
87,德州市,3954357,4748993,4689370.7,5424384,1400259601,1225913092,1470026
88,日照市,2419124,2629958.8,2711554.3,3003985,1400259601,1225913092,584862
89,枣庄市,2831506,3313488.8,3308115.4,3784725,1400259601,1225913092,953220
90,泰安市,3930241,4591050.4,4587110,5243979,1400259601,1225913092,1313738
91,济南市,9583168,6168625.8,8314540.7,7045913,1400259601,1225913092,-2537255
92,济宁市,6482054,7538391.4,7546269.1,8610484,1400259601,1225913092,2128430
93,淄博市,4241385,4018290,4415573.3,4589762,1400259601,1225913092,348377
94,滨州市,3202859,3412193,3550163.1,3897467,1400259601,1225913092,694608
95,潍坊市,7989689,8152449.4,8650780.7,9311872,1400259601,1225913092,1322182
96,烟台市,6473744,5788223,6542577.6,6611411,1400259601,1225913092,137666
97,聊城市,4485647,5148895.6,5183403.3,5881160,1400259601,1225913092,1395513
98,莱芜市,962135,996799,1050347.8,1138561,1400259601,1225913092,176427
99,菏泽市,5512508,7543503.4,7064415.5,8616323,1400259601,1225913092,3103815
100,青岛市,11412948,8096142.6,10330252.4,9247557,1400259601,1225913092,-2165391
101,临汾市,4437826,4961856.8,5052673.6,5667521,1400259601,1225913092,1229694
102,吕梁市,3123206,3462287.4,3538945.8,3954686,1400259601,1225913092,831480
103,大同市,3087612,3247127.6,3398269.7,3708927,1400259601,1225913092,621314
104,太原市,6776177,4158133.6,5762835.6,4749494,1400259601,1225913092,-2026684
105,忻州市,2531046,3055546.6,3010572.5,3490099,1400259601,1225913092,959053
106,晋中市,4003072,3770971.6,4155171.1,4307270,1400259601,1225913092,304198
107,晋城市,2201640,2363280.8,2450510.5,2699381,1400259601,1225913092,497741
108,朔州市,1504442,1708601.2,1728017.9,1951594,1400259601,1225913092,447153
109,运城市,5463617,6634450.6,6520802.2,7577987,1400259601,1225913092,2114369
110,长治市,3287265,3498866,3641865.8,3996467,1400259601,1225913092,709202
111,阳泉市,1543588,1541925.6,1652401.6,1761215,1400259601,1225913092,217626
112,东莞市,22959475,8731653.4,16466462.1,9973449,1400259601,1225913092,-12986026
113,中山市,7979572,3309028.8,5879601.4,3779631,1400259601,1225913092,-4199941
114,云浮市,1837523,2592012,2399082.3,2960642,1400259601,1225913092,1123119
115,佛山市,15170518,6022305.8,11024650.9,6878784,1400259601,1225913092,-8291734
116,广州市,32235022,13129235.8,23615733.3,14996445,1400259601,1225913092,-17238576
117,惠州市,8292880,5498890.8,7286904.9,6280930,1400259601,1225913092,-2011950
118,揭阳市,5424641,6839936.8,6618668.8,7812697,1400259601,1225913092,2388056
119,梅州市,2991691,4602111,4124151.8,5256613,1400259601,1225913092,2264922
120,汕头市,6934979,6445549.4,7148599.3,7362220,1400259601,1225913092,427242
121,汕尾市,2264061,2958967.2,2821923,3379785,1400259601,1225913092,1115724
122,江门市,5360043,4225257.2,5093102.8,4826163,1400259601,1225913092,-533879
123,河源市,2426961,3261974.6,3076422.9,3725885,1400259601,1225913092,1298924
124,深圳市,34435623,11751049.2,23928939.5,13422256,1400259601,1225913092,-21013367
125,清远市,3643414,4105938,4166644.5,4689875,1400259601,1225913092,1046461
126,湛江市,5056676,6150610.6,6041005.9,7025336,1400259601,1225913092,1968660
127,潮州市,2688992,2818365.6,2954089.5,3219187,1400259601,1225913092,530195
128,珠海市,3604434,1872228,2871463.2,2138492,1400259601,1225913092,-1465942
129,肇庆市,3713822,3913735.8,4092080,4470338,1400259601,1225913092,756516
130,茂名市,4478559,6765859.6,6103321.7,7728084,1400259601,1225913092,3249525
131,阳江市,1952323,2376657.2,2333491.6,2714660,1400259601,1225913092,762337
132,韶关市,2543920,3072071,3026446.8,3508974,1400259601,1225913092,965054
133,北海市,2220469,1900176.2,2195441.8,2170415,1400259601,1225913092,-50054
134,南宁市,11889380,9103258.8,11143641.7,10397903,1400259601,1225913092,-1491477
135,崇左市,2063126,2375603.6,2388290.9,2713456,1400259601,1225913092,650331
136,来宾市,1935672,2715082.4,2518443.3,3101215,1400259601,1225913092,1165544
137,柳州市,5360413,4345753,5162104.4,4963796,1400259601,1225913092,-396617
138,桂林市,4852113,5050979.6,5310715.7,5769318,1400259601,1225913092,917205
139,梧州市,2920067,3984134.6,3735408.1,4550749,1400259601,1225913092,1630682
140,河池市,2630696,3229518.2,3159754.4,3688813,1400259601,1225913092,1058117
141,玉林市,5351537,7974625.2,7230147.7,9108758,1400259601,1225913092,3757220
142,百色市,3021694,3062364.2,3259790.3,3497887,1400259601,1225913092,476193
143,贵港市,3994335,6418996.2,5663112.8,7331891,1400259601,1225913092,3337556
144,贺州市,1888893,2574588.6,2414816.9,2940741,1400259601,1225913092,1051848
145,钦州市,2879522,3966900.2,3705293.1,4531064,1400259601,1225913092,1651541
146,防城港市,1236858,1041881.2,1213456.6,1190055,1400259601,1225913092,-46803
147,乌鲁木齐市,4350083,3174798.8,3988196.8,3626311,1400259601,1225913092,-723771
148,五家渠市,287469,168417.8,239919.6,192370,1400259601,1225913092,-95099
149,伊犁哈萨克自治州,2027619,1941532.6,2122635.9,2217653,1400259601,1225913092,190034
150,克孜勒苏柯尔克孜自治,183795,151176.6,178235.8,172677,1400259601,1225913092,-11118
151,克拉玛依市,468416,390794.8,457394.3,446373,1400259601,1225913092,-22043
152,博尔塔拉蒙古自治州,453271,462791.4,490940.2,528609,1400259601,1225913092,75337
153,吐鲁番地区,457698,395919.2,454961.8,452226,1400259601,1225913092,-5472
154,和田地区,399820,362959.4,407199.7,414579,1400259601,1225913092,14758
155,哈密地区,613332,502604,593707.5,574083,1400259601,1225913092,-39249
156,喀什地区,1117983,1024160.4,1143898.7,1169814,1400259601,1225913092,51831
157,图木舒克市,113429,96506.4,111830.1,110231,1400259601,1225913092,-3198
158,塔城地区,982686,1062521.6,1098158.5,1213631,1400259601,1225913092,230945
159,巴音郭楞蒙古自治州,1680398,1463516.8,1676026.6,1671655,1400259601,1225913092,-8743
160,昌吉回族自治州,1506231,1405226.4,1555652.5,1605074,1400259601,1225913092,98843
161,石河子市,513407,472870.6,526764,540121,1400259601,1225913092,26714
162,阿克苏地区,1240204,1104128.8,1250679.6,1261155,1400259601,1225913092,20951
163,阿勒泰地区,477664,455995.4,499254.8,520846,1400259601,1225913092,43182
164,阿拉尔市,181607,188285,198334.6,215062,1400259601,1225913092,33455
165,南京市,11058725,5639035.6,8749865.6,6441006,1400259601,1225913092,-4617719
166,南通市,5717031,5551458.6,6029002.7,6340974,1400259601,1225913092,623943
167,宿迁市,4104101,5075142.2,4950508.8,5796917,1400259601,1225913092,1692817
168,常州市,5940982,3683783.6,5074332.3,4207683,1400259601,1225913092,-1733299
169,徐州市,8572876,9130451,9500919.6,10428963,1400259601,1225913092,1856086
170,扬州市,3905570,3570240.4,3991780.9,4077992,1400259601,1225913092,172422
171,无锡市,8874831,5146215.4,7376464.5,5878098,1400259601,1225913092,-2996733
172,泰州市,3563361,3829354.6,3968659.2,4373957,1400259601,1225913092,810595
173,淮安市,3916540,4763538.6,4678769,5440998,1400259601,1225913092,1524458
174,盐城市,5064585,6130384,6033409.1,7002233,1400259601,1225913092,1937648
175,苏州市,18323021,8593091.6,14069100.8,9815181,1400259601,1225913092,-8507839
176,连云港市,4466196,5078001.4,5133189.4,5800183,1400259601,1225913092,1333987
177,镇江市,2930284,2264748.8,2758560.2,2586836,1400259601,1225913092,-343448
178,上饶市,4276519,6046632,5591544.5,6906570,1400259601,1225913092,2630051
179,九江市,3645334,4202897.4,4222979,4800624,1400259601,1225913092,1155290
180,南昌市,6438744,4508721.4,5794342.7,5149941,1400259601,1225913092,-1288803
181,吉安市,3289549,4380805.8,4146691.3,5003834,1400259601,1225913092,1714285
182,宜春市,4350636,5386322.2,5251494.1,6152352,1400259601,1225913092,1801716
183,抚州市,2817744,3605522,3468017.6,4118291,1400259601,1225913092,1300547
184,新余市,927186,950816.2,1006612.4,1086039,1400259601,1225913092,158853
185,景德镇市,1187598,1227451.8,1294807.5,1402017,1400259601,1225913092,214419
186,萍乡市,1637982,1900675.8,1904483.5,2170985,1400259601,1225913092,533003
187,赣州市,8084943,10041804.4,9777434.3,11469926,1400259601,1225913092,3384984
188,鹰潭市,791268,880979.4,898769.1,1006270,1400259601,1225913092,215002
189,保定市,12692338,13414151.6,14007109.4,15321881,1400259601,1225913092,2629543
190,唐山市,8100823,7806183.4,8508592,8916361,1400259601,1225913092,815538
191,廊坊市,6586084,5499837.2,6434047.6,6282011,1400259601,1225913092,-304073
192,张家口市,3880347,4078226.8,4269284.9,4658223,1400259601,1225913092,777876
193,承德市,3106548,3421047.2,3507064.7,3907581,1400259601,1225913092,801032
194,沧州市,7056316,7579862,7857084,8657852,1400259601,1225913092,1601536
195,石家庄市,14733213,13033796,14810322.5,14887432,1400259601,1225913092,154219
196,秦皇岛市,3343276,3210703.8,3505299.6,3667323,1400259601,1225913092,324046
197,衡水市,3760326,4440938.4,4416422.1,5072518,1400259601,1225913092,1312192
198,邢台市,7111788,8709766.6,8530118.6,9948449,1400259601,1225913092,2836661
199,邯郸市,9810253,11276365.6,11345158.3,12880064,1400259601,1225913092,3069811
200,三门峡市,1851709,2018030.4,2078369.6,2305030,1400259601,1225913092,453321
201,信阳市,4408170,6353821.2,5832808.4,7257447,1400259601,1225913092,2849277
202,南阳市,6740011,8696977.6,8336926.4,9933842,1400259601,1225913092,3193831
203,周口市,6629725,10467100.2,9292716.2,11955707,1400259601,1225913092,5325981
204,商丘市,6212075,8404316.6,7905817,9599559,1400259601,1225913092,3387484
205,安阳市,5593536,6501288.6,6509711.5,7425887,1400259601,1225913092,1832351
206,平顶山市,3929771,4673297,4633846.6,5337922,1400259601,1225913092,1408151
207,开封市,3682807,4623264,4481790.3,5280774,1400259601,1225913092,1597967
208,新乡市,5760212,6468712.2,6574444.4,7388677,1400259601,1225913092,1628466
209,洛阳市,7316905,7772100,8097167.4,8877430,1400259601,1225913092,1560525
210,漯河市,1918229,2324315.6,2286551.7,2654874,1400259601,1225913092,736645
211,濮阳市,3372708,4124748.4,4042034.4,4711361,1400259601,1225913092,1338653
212,焦作市,4233949,4560174.6,4721330.3,5208712,1400259601,1225913092,974763
213,许昌市,3800421,4621021.4,4539316.6,5278212,1400259601,1225913092,1477791
214,郑州市,17194749,9761219.4,14172092.9,11149437,1400259601,1225913092,-6045311
215,驻马店市,4966826,7064531.2,6518029.1,8069232,1400259601,1225913092,3102406
216,鹤壁市,1540791,1809977.8,1804090.2,2067389,1400259601,1225913092,526597
217,丽水市,1726371,1593103.2,1773021.1,1819671,1400259601,1225913092,93299
218,台州市,6501199,4644376,5903043.3,5304888,1400259601,1225913092,-1196310
219,嘉兴市,5367091,3288044.2,4561376.4,3755662,1400259601,1225913092,-1611429
220,宁波市,11391707,6102994,9181327.6,6970948,1400259601,1225913092,-4420760
221,杭州市,14892218,6284935.8,11035491.5,7178765,1400259601,1225913092,-7713453
222,温州市,10821042,6746476.4,9263493.4,7705945,1400259601,1225913092,-3115097
223,湖州市,2926503,1923026,2561508.7,2196514,1400259601,1225913092,-729989
224,绍兴市,5578902,3736514,4923407.1,4267912,1400259601,1225913092,-1310990
225,舟山市,985597,676853.2,879355.6,773114,1400259601,1225913092,-212484
226,衢州市,1742707,1803574.4,1901391.2,2060075,1400259601,1225913092,317367
227,金华市,7772230,4188179.4,6278021.7,4783813,1400259601,1225913092,-2988418
228,万宁市,430007,479037,488585.8,547165,1400259601,1225913092,117158
229,三亚市,1590630,1313234.2,1545314.3,1499999,1400259601,1225913092,-90630
230,东方市,348798,344967.6,371412.8,394028,1400259601,1225913092,45230
231,临高县,275727,332578.2,327801.9,379877,1400259601,1225913092,104150
232,乐东黎族自治县,312712,363104.2,363727.8,414744,1400259601,1225913092,102032
233,五指山市,88220,70214.4,84210.1,80200,1400259601,1225913092,-8020
234,保亭黎族苗族自治县,120019,125684.6,131788.8,143559,1400259601,1225913092,23541
235,儋州市,752560,822963.6,846281.8,940004,1400259601,1225913092,187444
236,定安县,181599,213277.6,212604,243609,1400259601,1225913092,62010
237,屯昌县,173687,197822.6,199821.4,225956,1400259601,1225913092,52270
238,文昌市,402107,429496.6,446343,490579,1400259601,1225913092,88472
239,昌江黎族自治县,179056,170442,186869.1,194682,1400259601,1225913092,15626
240,海口市,3119954,1724945.8,2545108.9,1970264,1400259601,1225913092,-1149690
241,澄迈县,382789,412682.4,427081.1,471373,1400259601,1225913092,88584
242,琼中黎族苗族自治县,118541,126555.6,131547.4,144554,1400259601,1225913092,26013
243,琼海市,516975,544825.6,569642.2,622309,1400259601,1225913092,105334
244,白沙黎族自治县,100720,125062.8,121784.3,142849,1400259601,1225913092,42129
245,陵水黎族自治县,332811,315898.6,346818,360825,1400259601,1225913092,28014
246,仙桃市,909284,1303811.4,1199259.9,1489236,1400259601,1225913092,579953
247,十堰市,2854494,3209387.8,3260156.3,3665819,1400259601,1225913092,811326
248,咸宁市,2042987,2610414.8,2512324.6,2981662,1400259601,1225913092,938675
249,天门市,719296,1212178,1051933.6,1384571,1400259601,1225913092,665275
250,孝感市,3370091,4258688.6,4117219.8,4864349,1400259601,1225913092,1494259
251,宜昌市,3352621,3494210.4,3671884.8,3991149,1400259601,1225913092,638528
252,恩施土家族苗族自治州,2681736,3280838.4,3214583.9,3747432,1400259601,1225913092,1065696
253,武汉市,17265861,9668527,14154711.7,11043562,1400259601,1225913092,-6222299
254,潜江市,662565,886860.6,837776.4,1012988,1400259601,1225913092,350423
255,神农架林区,65776,65212.8,70131.5,74487,1400259601,1225913092,8711
256,荆州市,3434781,4786925.6,4451245.9,5467711,1400259601,1225913092,2032930
257,荆门市,1938593,2465401.4,2377308.9,2816025,1400259601,1225913092,877432
258,襄樊市,4330988,5105235,5081139.1,5831290,1400259601,1225913092,1500301
259,鄂州市,890907,1050740,1045540.4,1200174,1400259601,1225913092,309267
260,随州市,1310261,1933391.2,1759307.7,2208354,1400259601,1225913092,898092
261,黄冈市,3788769,6180984.4,5424399.5,7060030,1400259601,1225913092,3271261
262,黄石市,2210220,2617083.4,2599749.4,2989279,1400259601,1225913092,779059
263,娄底市,2815089,3410384.2,3355244.9,3895401,1400259601,1225913092,1080312
264,岳阳市,3619941,4300932,4266270.9,4912601,1400259601,1225913092,1292660
265,常德市,3141170,3873323.2,3782674.1,4424178,1400259601,1225913092,1283008
266,张家界市,1020420,1234246.8,1215099.4,1409779,1400259601,1225913092,389359
267,怀化市,3194413,3561027.8,3630940.8,4067469,1400259601,1225913092,873056
268,株洲市,3119354,2937435,3237272.1,3355190,1400259601,1225913092,235836
269,永州市,3003359,4418170.2,4024935.3,5046512,1400259601,1225913092,2043153
270,湘潭市,2198011,2158531.8,2331762.1,2465513,1400259601,1225913092,267502
271,湘西土家族苗族自治州,1880066,2114978,2147915.4,2415765,1400259601,1225913092,535699
272,益阳市,2372321,3017957.2,2909742.4,3447164,1400259601,1225913092,1074843
273,衡阳市,4526058,5609290.8,5466544.3,6407031,1400259601,1225913092,1880973
274,邵阳市,3900385,5224051.8,4933694.5,5967004,1400259601,1225913092,2066619
275,郴州市,3546755,4140312.6,4137946.7,4729138,1400259601,1225913092,1182383
276,长沙市,11505961,6206608.6,9297629.4,7089298,1400259601,1225913092,-4416663
277,临夏回族自治州,1218938,1161366,1272735.6,1326533,1400259601,1225913092,107595
278,兰州市,5293971,3231592.6,4492576.3,3691182,1400259601,1225913092,-1602788
279,嘉峪关市,397267,299306.2,369570,341873,1400259601,1225913092,-55394
280,天水市,2995754,3153233.2,3298716.6,3601679,1400259601,1225913092,605924
281,定西市,1935183,1910884,2058913.8,2182645,1400259601,1225913092,247463
282,平凉市,1977876,1965520.8,2111464.7,2245053,1400259601,1225913092,267176
283,庆阳市,2185773,1978102.8,2222598.5,2259424,1400259601,1225913092,73651
284,张掖市,1494660,1423207.6,1560136.6,1625613,1400259601,1225913092,130953
285,武威市,1485618,1528781.4,1615909.3,1746201,1400259601,1225913092,260584
286,甘南藏族自治州,429422,330666.8,403557.4,377693,1400259601,1225913092,-51728
287,白银市,1797970,1830571.2,1944440.7,2090911,1400259601,1225913092,292940
288,酒泉市,1234348,1103327.2,1247293.8,1260240,1400259601,1225913092,25892
289,金昌市,512302,466584,522621.1,532940,1400259601,1225913092,20638
290,陇南市,1806209,1623984,1830576.1,1854943,1400259601,1225913092,48734
291,三明市,2074044,2342614.6,2374909.8,2675776,1400259601,1225913092,601732
292,南平市,1987695,2270541,2290573.4,2593452,1400259601,1225913092,605757
293,厦门市,6742642,3005434.8,5087751.4,3432861,1400259601,1225913092,-3309781
294,宁德市,2238070,2606393.4,2607569.6,2977069,1400259601,1225913092,738998
295,泉州市,10426040,8114340.6,9847191.7,9268343,1400259601,1225913092,-1157697
296,漳州市,4235302,4421086.2,4642572.5,5049843,1400259601,1225913092,814541
297,福州市,9859006,6844698.2,8838570.5,7818135,1400259601,1225913092,-2040871
298,莆田市,3293624,3548696.6,3673503.8,4053384,1400259601,1225913092,759760
299,龙岩市,2090240,2484378,2463970.1,2837700,1400259601,1225913092,747460
300,山南地区,124981,96599.2,117658.9,110337,1400259601,1225913092,-14643
301,拉萨市,501973,354031.2,453177.2,404381,1400259601,1225913092,-97593
302,日喀则地区,141484,117657.4,137936.8,134390,1400259601,1225913092,-7093
303,昌都地区,110058,76985.6,98996.1,87934,1400259601,1225913092,-22124
304,林芝地区,128014,99696.4,120944.5,113875,1400259601,1225913092,-14139
305,那曲地区,74930,54893.6,68815.1,62700,1400259601,1225913092,-12230
306,阿里地区,48958,39065.2,46789.7,44621,1400259601,1225913092,-4337
307,六盘水市大湾镇,2349492,2112122.2,2380997.6,2412503,1400259601,1225913092,63011
308,安顺市,2117339,1949190.2,2171869,2226399,1400259601,1225913092,109060
309,毕节地区,4444686,4446482,4761767.9,5078850,1400259601,1225913092,634165
310,贵阳市,7647851,4286647.8,6272068.1,4896285,1400259601,1225913092,-2751566
311,遵义市,5942715,5164970,5921117.4,5899520,1400259601,1225913092,-43195
312,铜仁地区,2872371,2796385.2,3033226.1,3194081,1400259601,1225913092,321709
313,黔东南苗族侗族,3742192,3802459,4042714.1,4343236,1400259601,1225913092,601044
314,黔南布依族苗族,3213777,2979695.2,3308619.2,3403461,1400259601,1225913092,189683
315,黔西南布依族苗族,2654492,2511537.6,2761607.3,2868723,1400259601,1225913092,214231
316,丹东市,1788741,1893880.6,1975982.5,2163224,1400259601,1225913092,374483
317,大连市,7783043,5768541.4,7185986.7,6588930,1400259601,1225913092,-1194113
318,抚顺市,1625949,1653420,1757257.4,1888566,1400259601,1225913092,262617
319,朝阳市,2266978,2449564.6,2532457,2797936,1400259601,1225913092,530958
320,本溪市,1158672,1162072.4,1243005.9,1327340,1400259601,1225913092,168668
321,沈阳市,10145737,7146433.8,9154260.1,8162783,1400259601,1225913092,-1982954
322,盘锦市,1332805,1162132.6,1330106.7,1327408,1400259601,1225913092,-5397
323,营口市,2189860,2150498.6,2323099.1,2456338,1400259601,1225913092,266477
324,葫芦岛市,2113663,2225260.6,2327697.5,2541732,1400259601,1225913092,428069
325,辽阳市,1426212,1431844.6,1530845.1,1635478,1400259601,1225913092,209266
326,铁岭市,2221148,2353529.4,2454695.7,2688243,1400259601,1225913092,467094
327,锦州市,2505533,2503743.8,2682676.7,2859820,1400259601,1225913092,354287
328,阜新市,1601611,1613523.2,1722302.8,1842995,1400259601,1225913092,241384
329,鞍山市,2993094,2987215,3202572.1,3412050,1400259601,1225913092,418956
330,重庆市,31393288,26917324,31069365.3,30745443,1400259601,1225913092,-647844
331,咸阳市,5245465,5437445.4,5728105.6,6210746,1400259601,1225913092,965281
332,商洛市,1339282,1565554.4,1563743,1788204,1400259601,1225913092,448922
333,安康市,1872742,2160384.6,2170185.3,2467629,1400259601,1225913092,594888
334,宝鸡市,3578550,3858473.8,3992883.7,4407217,1400259601,1225913092,828667
335,延安市,2377415,1980699.8,2319902.3,2262390,1400259601,1225913092,-115024
336,榆林市,3635349,3038227.2,3552832.8,3470317,1400259601,1225913092,-165032
337,汉中市,2797956,2936300.8,3075925.4,3353895,1400259601,1225913092,555939
338,渭南市,5335591,5887624,6030269.6,6724948,1400259601,1225913092,1389357
339,西安市,16336401,9312781,13486812.1,10637223,1400259601,1225913092,-5699178
340,铜川市,703084,725027.6,765611.7,828139,1400259601,1225913092,125055
341,果洛藏族自治州,48241,31808.6,42286.5,36332,1400259601,1225913092,-11909
342,海东地区,854460,878771.4,929104,1003748,1400259601,1225913092,149288
343,海北藏族自治州,235211,197662.4,230492.2,225773,1400259601,1225913092,-9438
344,海南藏族自治州,236593,188819.8,226133.1,215673,1400259601,1225913092,-20920
345,海西蒙古族藏族自治州直辖,589573,415484.2,532073.2,474573,1400259601,1225913092,-115000
346,玉树藏族自治州,82847,65695.8,78942.9,75039,1400259601,1225913092,-7808
347,西宁市,2623016,1976177.4,2440120.4,2257225,1400259601,1225913092,-365791
348,黄南藏族自治州,96939,71172.4,89116.5,81294,1400259601,1225913092,-15645
349,七台河市,763401,756139.4,813538.7,863676,1400259601,1225913092,100274
350,伊春市,850003,921274.4,951149.5,1052296,1400259601,1225913092,202293
351,佳木斯市,2076014,1987394.6,2173025.7,2270037,1400259601,1225913092,194023
352,双鸭山市,1237509,1257287.2,1336802.5,1436096,1400259601,1225913092,198587
353,哈尔滨市,10619916,8634018.2,10240922.1,9861928,1400259601,1225913092,-757988
354,大兴安岭地区,218810,216428.4,233009.2,247208,1400259601,1225913092,28398
355,大庆市,2837350,2479490.4,2834734.2,2832118,1400259601,1225913092,-5233
356,牡丹江市,2161988,2142672.8,2304693.6,2447399,1400259601,1225913092,285411
357,绥化市,3665621,3899147,4059647.9,4453675,1400259601,1225913092,788054
358,鸡西市,1363289,1351185.6,1453318.4,1543348,1400259601,1225913092,180059
359,鹤岗市,896312,888474.8,955571.9,1014832,1400259601,1225913092,118520
360,黑河市,1371337,1296255.8,1425971.5,1480606,1400259601,1225913092,109269
361,齐齐哈尔市,3691295,3704658.2,3961410.5,4231526,1400259601,1225913092,540231
